task_type,port_name,n,episodes,x_mean_mm,y_mean_mm,xy_mean_mm,xy_p95_mm
nic,sfp_port_0,480,3,-0.08371153334382227,0.10803464351605145,3.0061571318288016,6.40113075019581
nic,sfp_port_1,320,2,-0.10690090696518513,0.041742645898539335,3.407481478193622,6.623532377927208
sc,sc_port_base,320,2,0.49875355808707694,0.20560324174350075,2.7346442755213953,5.1266642938756455
