{"train/steps":400,"_wandb":{"runtime":153},"train/grad_norm":81.53606452941895,"train/loss":2.422919625043869,"_timestamp":1.7757362630738258e+09,"train/update_s":0.2701738702799776,"train/epochs":3.361344537815126,"_step":400,"train/kld_loss":0.1914440095424652,"train/l1_loss":0.1733405888080597,"train/samples":3200,"_runtime":153.21917187,"train/dataloading_s":0.01573347534978893,"train/episodes":3.361344537815126,"train/lr":1.0000000000000021e-05}